id,user_id,first_name,last_name,phone,specialization_id,license_number,created_at,updated_at
2_20,1_20,Hassan,Hassan,1542993326,12_11,380714,2023-12-22 19:00:00,2023-12-22 19:00:00
2_21,1_21,Hassan,Yassin,1184667717,12_13,905646,2023-07-13 16:00:00,2023-07-19 16:00:00
2_25,1_25,Heba,Fawzy,1235129594,12_3,249236,2023-03-10 12:00:00,2023-03-28 12:00:00
2_29,1_29,Youssef,Zaki,1513337332,12_12,887978,2023-03-01 07:00:00,2023-03-22 07:00:00
2_30,1_30,Tarek,Hegazy,1512414451,12_2,799974,2023-11-22 12:00:00,2023-12-11 12:00:00
2_38,1_38,Tamer,Gad,1053143462,12_10,671436,2023-01-10 02:00:00,2023-02-04 02:00:00
2_39,1_39,Fawzy,El-Ghandour,1172562199,12_5,837483,2023-07-06 12:00:00,2023-07-06 12:00:00
2_44,1_44,Tamer,Bayoumi,1518079747,12_4,636692,2023-03-21 11:00:00,2023-03-28 11:00:00
2_62,1_62,Medhat,Gaber,1270997059,12_8,555002,2023-06-09 11:00:00,2023-06-11 11:00:00
2_79,1_79,Mohamed,Osman,1135961630,12_9,465822,2023-12-05 21:00:00,2023-12-22 21:00:00
2_82,1_82,Hamza,Hanafy,1073185513,12_9,379680,2023-01-04 18:00:00,2023-01-04 18:00:00
2_95,1_95,Hany,Shaheen,1175114726,12_1,204029,2024-01-13 08:00:00,2024-01-23 08:00:00
2_96,1_96,Hany,Nagi,1034655483,12_3,900389,2023-05-25 12:00:00,2023-05-28 12:00:00
2_97,1_97,Sarah,Rizk,1163540339,12_8,754499,2023-01-17 14:00:00,2023-02-15 14:00:00
2_124,1_124,Wael,Ibrahim,1048159823,12_9,816931,2024-01-22 01:00:00,2024-02-05 01:00:00
2_133,1_133,Noor,Shaban,1562816556,12_14,230384,2023-04-02 09:00:00,2023-04-29 09:00:00
2_135,1_135,Adel,Ibrahim,1060315871,12_14,999178,2023-09-04 05:00:00,2023-09-06 05:00:00
2_147,1_147,Bassem,Rizk,1119988336,12_13,367796,2023-10-01 02:00:00,2023-10-11 02:00:00
2_157,1_157,Ibrahim,Rizk,1591407003,12_15,371851,2023-12-03 02:00:00,2023-12-20 02:00:00
2_163,1_163,Nasser,Hassan,1004640214,12_11,315861,2023-09-07 20:00:00,2023-09-23 20:00:00
2_167,1_167,Kareem,Bakr,1593461406,12_6,872857,2023-03-04 16:00:00,2023-03-09 16:00:00
2_184,1_184,Youssef,Metwally,1113562597,12_8,426442,2023-01-27 13:00:00,2023-01-27 13:00:00
2_198,1_198,Mohamed,Nagi,1519801285,12_5,602346,2023-04-14 01:00:00,2023-04-20 01:00:00
2_206,1_206,Mariam,Hassan,1520235370,12_11,667002,2023-08-13 19:00:00,2023-08-24 19:00:00
2_218,1_218,Heba,Zaid,1559889684,12_4,992149,2023-04-25 07:00:00,2023-05-25 07:00:00
2_219,1_219,Kareem,Zaid,1181215885,12_12,208922,2023-12-31 05:00:00,2024-01-22 05:00:00
2_222,1_222,Raafat,Ebeid,1538211707,12_5,128640,2023-09-07 23:00:00,2023-10-07 23:00:00
2_233,1_233,Wael,Rizk,1275990223,12_9,753711,2023-03-03 06:00:00,2023-03-08 06:00:00
2_235,1_235,Osama,Gad,1213889053,12_9,129982,2023-02-11 03:00:00,2023-02-24 03:00:00
2_236,1_236,Amira,Mahmoud,1256158171,12_15,905264,2023-08-27 13:00:00,2023-09-18 13:00:00
2_242,1_242,Mona,Abdel-Rahman,1033144096,12_4,198052,2023-11-08 07:00:00,2023-11-19 07:00:00
2_254,1_254,Fatma,Moussa,1529448506,12_15,588116,2023-06-04 06:00:00,2023-06-08 06:00:00
2_265,1_265,Mariam,Shaban,1083168105,12_6,607695,2023-08-14 20:00:00,2023-08-18 20:00:00
2_268,1_268,Hussein,Mansour,1201166528,12_1,316980,2024-01-18 03:00:00,2024-02-03 03:00:00
2_270,1_270,Omar,Mahmoud,1033715111,12_14,668013,2023-10-27 03:00:00,2023-11-15 03:00:00
2_275,1_275,Walid,Zaki,1281219901,12_6,929089,2023-02-06 22:00:00,2023-02-17 22:00:00
2_295,1_295,Mona,Ibrahim,1163104408,12_2,116150,2023-03-03 09:00:00,2023-03-12 09:00:00
2_303,1_303,Nasser,Farid,1593883910,12_8,902801,2023-07-01 01:00:00,2023-07-25 01:00:00
2_304,1_304,Ziad,Hawas,1597525329,12_4,912311,2023-06-24 00:00:00,2023-06-27 00:00:00
2_307,1_307,Amr,Khalil,1163911855,12_12,551826,2023-01-07 01:00:00,2023-01-21 01:00:00
2_339,1_339,Sameh,Kassab,1130533878,12_7,147341,2023-07-19 16:00:00,2023-07-21 16:00:00
2_348,1_348,Zainab,Mahmoud,1211859349,12_8,983503,2023-01-10 21:00:00,2023-01-14 21:00:00
2_357,1_357,Tarek,Gad,1593156157,12_9,943150,2023-12-08 23:00:00,2023-12-15 23:00:00
2_366,1_366,Hassan,Gomaa,1578572353,12_8,233725,2023-09-10 04:00:00,2023-10-01 04:00:00
2_389,1_389,Sherif,Moussa,1597942199,12_14,243244,2023-04-13 01:00:00,2023-04-21 01:00:00
2_392,1_392,Mariam,El-Ghandour,1030793640,12_2,379778,2023-11-16 08:00:00,2023-12-07 08:00:00
2_400,1_400,Osama,Kassab,1256753464,12_7,722806,2023-12-23 21:00:00,2023-12-24 21:00:00
2_411,1_411,Sarah,Hawas,1514711341,12_14,903113,2023-08-18 04:00:00,2023-08-28 04:00:00
2_424,1_424,Amr,Gaber,1279492545,12_4,367095,2024-01-08 13:00:00,2024-01-08 13:00:00
2_428,1_428,Medhat,Salem,1537477912,12_5,298987,2023-07-03 09:00:00,2023-07-29 09:00:00
2_467,1_467,Bassem,Badawy,1040132581,12_12,205231,2024-01-24 00:00:00,2024-01-26 00:00:00
2_469,1_469,Ibrahim,Rizk,1119317084,12_7,441830,2023-04-23 18:00:00,2023-04-26 18:00:00
2_489,1_489,Ramy,Kamel,1290987806,12_7,109965,2023-02-22 17:00:00,2023-03-08 17:00:00
2_490,1_490,Nader,Bayoumi,1080467887,12_11,971783,2023-03-26 12:00:00,2023-04-12 12:00:00
2_491,1_491,Ahmed,Hawas,1065235654,12_7,143794,2023-01-26 03:00:00,2023-02-05 03:00:00
2_496,1_496,Mona,Badawy,1526926105,12_6,415513,2023-10-25 01:00:00,2023-10-31 01:00:00
