id,user_id,first_name,last_name,phone,license_number,created_at,updated_at
3_16,1_516,Basma,Ibrahim,1288490789,399083,2023-12-30 08:00:00,2024-01-11 08:00:00
3_34,1_534,Farah,Ibrahim,1116594197,923564,2023-10-06 11:00:00,2023-10-30 11:00:00
3_54,1_554,Farah,Soliman,1046452437,297989,2023-05-08 15:00:00,2023-06-06 15:00:00
3_71,1_571,Rawan,Hanafy,1011358472,997616,2023-08-09 14:00:00,2023-08-31 14:00:00
3_72,1_572,Sarah,Moussa,1518084917,196251,2023-12-28 19:00:00,2024-01-06 19:00:00
3_109,1_609,Farah,Salem,1280177982,848488,2023-05-20 15:00:00,2023-05-26 15:00:00
3_128,1_628,Sherif,Ramadan,1224278154,520359,2023-10-12 22:00:00,2023-10-14 22:00:00
3_145,1_645,Youssef,Khalil,1581494404,905994,2024-01-05 12:00:00,2024-01-05 12:00:00
3_148,1_648,Ahmed,El-Ghandour,1073926590,645724,2023-10-01 22:00:00,2023-10-12 22:00:00
3_158,1_658,Sahar,Gad,1107527132,588609,2023-08-17 12:00:00,2023-09-05 12:00:00
3_167,1_667,Mohamed,Salem,1018879825,767861,2023-09-18 00:00:00,2023-09-26 00:00:00
3_181,1_681,Mariam,Osman,1133344398,510179,2023-08-08 23:00:00,2023-08-11 23:00:00
3_185,1_685,Noha,Abdel-Rahman,1084990143,993128,2023-08-17 05:00:00,2023-09-09 05:00:00
3_209,1_709,Hana,Hanafy,1509060468,376953,2023-07-26 12:00:00,2023-08-02 12:00:00
3_224,1_724,Ashraf,Hawas,1057367737,449501,2023-07-05 21:00:00,2023-07-08 21:00:00
3_226,1_726,Amira,El-Ghandour,1502269865,796823,2023-04-09 10:00:00,2023-05-01 10:00:00
3_236,1_736,Laila,Moussa,1020855796,467313,2023-11-27 16:00:00,2023-11-28 16:00:00
3_271,1_771,Youssef,Abdel-Rahman,1070767367,821256,2023-12-02 02:00:00,2023-12-14 02:00:00
3_289,1_789,Reem,Hegazy,1264560659,224992,2023-12-12 13:00:00,2024-01-10 13:00:00
3_304,1_804,Dina,Hassan,1572917561,789720,2023-03-17 17:00:00,2023-03-27 17:00:00
3_359,1_859,Noha,Kassab,1595409147,317192,2023-08-02 00:00:00,2023-08-31 00:00:00
3_390,1_890,Basma,Gomaa,1074438530,755138,2023-06-07 00:00:00,2023-06-20 00:00:00
3_410,1_910,Tarek,Amin,1151353121,637645,2023-04-10 09:00:00,2023-04-17 09:00:00
3_417,1_917,Sarah,Hassan,1071358456,515726,2023-05-01 02:00:00,2023-05-03 02:00:00
3_420,1_920,Shaimaa,Salem,1227286671,323340,2023-03-27 21:00:00,2023-04-24 21:00:00
3_506,1_1006,Sameh,Abdel-Rahman,1097399808,303225,2023-12-28 23:00:00,2024-01-23 23:00:00
3_507,1_1007,Ibrahim,Hegazy,1039957563,312686,2023-06-09 15:00:00,2023-06-18 15:00:00
3_531,1_1031,Ashraf,Hassan,1148512215,154226,2023-06-20 04:00:00,2023-06-27 04:00:00
3_550,1_1050,Ali,Hegazy,1523966552,624254,2023-04-01 08:00:00,2023-04-06 08:00:00
3_560,1_1060,Hassan,Moussa,1276024764,874013,2024-01-05 10:00:00,2024-01-24 10:00:00
3_620,1_1120,Khaled,Zaki,1078026413,660563,2023-05-31 11:00:00,2023-06-30 11:00:00
3_621,1_1121,Ehab,Farid,1281467268,998787,2023-04-06 02:00:00,2023-05-06 02:00:00
3_652,1_1152,Hagar,Osman,1143335927,735637,2023-10-12 00:00:00,2023-10-16 00:00:00
3_712,1_1212,Hana,Gomaa,1574178712,539270,2023-06-12 21:00:00,2023-06-22 21:00:00
3_721,1_1221,Farah,Bayoumi,1145937462,651301,2024-01-08 14:00:00,2024-01-10 14:00:00
3_753,1_1253,Omar,Amin,1109253257,421201,2023-04-13 23:00:00,2023-04-16 23:00:00
3_756,1_1256,Kareem,Shaban,1252240421,203269,2023-01-21 15:00:00,2023-02-02 15:00:00
3_771,1_1271,Yasmin,Farahat,1215055886,313507,2023-09-30 18:00:00,2023-10-11 18:00:00
3_781,1_1281,Rania,Ramadan,1260754615,212723,2023-10-20 20:00:00,2023-10-28 20:00:00
3_799,1_1299,Eman,Ibrahim,1595740423,238602,2023-10-16 12:00:00,2023-11-01 12:00:00
3_948,1_1448,Rawan,Bayoumi,1272767855,658946,2024-01-22 13:00:00,2024-02-19 13:00:00
3_987,1_1487,Basma,Metwally,1071206301,341336,2023-03-10 02:00:00,2023-03-14 02:00:00
3_1024,1_1524,Zainab,Gad,1107070928,638841,2023-08-21 14:00:00,2023-09-15 14:00:00
3_1051,1_1551,Hassan,Khalil,1150580727,789087,2024-01-03 04:00:00,2024-01-14 04:00:00
3_1131,1_1631,Rawan,Hassan,1588575304,367043,2023-07-24 13:00:00,2023-08-01 13:00:00
3_1160,1_1660,Ashraf,Zaki,1043593582,898275,2023-06-12 18:00:00,2023-07-03 18:00:00
3_1185,1_1685,Nada,Amin,1525038265,843900,2023-05-04 08:00:00,2023-05-21 08:00:00
3_1272,1_1772,Ahmed,Ibrahim,1223714417,386758,2023-12-07 05:00:00,2023-12-31 05:00:00
3_1274,1_1774,Walid,Bakr,1018357151,366020,2023-02-16 00:00:00,2023-02-16 00:00:00
3_1310,1_1810,Farah,Abdel-Rahman,1147627018,876688,2023-04-26 13:00:00,2023-05-13 13:00:00
3_1322,1_1822,Zainab,Rizk,1260775739,934288,2023-09-16 19:00:00,2023-10-02 19:00:00
3_1366,1_1866,Ali,El-Ghandour,1285815586,452168,2023-10-06 08:00:00,2023-10-29 08:00:00
3_1379,1_1879,Sameh,Metwally,1179946996,260764,2023-03-16 07:00:00,2023-04-08 07:00:00
3_1384,1_1884,Ashraf,Khalil,1082099790,349487,2023-04-05 21:00:00,2023-04-29 21:00:00
3_1444,1_1944,Sarah,Farahat,1108603581,548976,2023-04-14 10:00:00,2023-05-01 10:00:00
3_1453,1_1953,Amr,Rizk,1129954376,733875,2023-10-30 05:00:00,2023-11-18 05:00:00
3_1479,1_1979,Youssef,Ramadan,1156877105,779363,2024-02-05 21:00:00,2024-02-23 21:00:00
